{
  "Name": "Haxor Sprinkler",
  "Description": "Waters every hoed dirt on your farm.",
  "Category": "Crafting",
  "ProvidesLight": false,
  "Edibility" :  -300,
  "EdibleBuffs" :  null,
  "Price" :  10000,
  "IsColored" :  false,
  "Recipe": {
    "ResultCount": 1,
    "Ingredients" : [
      {
        "Object": 386,
        "Count": 10
      }
    ],
    "IsDefault": true
  },
  "CanPurchase" :  false,
  "PurchaseFrom" :  null,
  "PurchasePrice" :  10000,
  "PurchaseRequirements" :  null,
  "GiftTastes" :  null
}